,MF,MF,MF,MF
,PRECT,PRECT,PRECT,PRECT
,90,94,96,98
,,,,
0,-0.000586167385336,-0.00121965189464,-0.00242849742062,-0.00180184957571
